timestamp,image_file,model_type,labels_detected,confidences,result_summary,required_class,required_cnt,result_status
2025-09-15 14:38:16,img.jpg,LCD,0,0.90|0.90|0.90|0.90|0.90|0.90|0.90|0.90|0.90|0.89|0.89|0.89|0.89|0.89|0.89|0.89|0.89|0.89|0.89|0.89|0.89|0.89|0.89|0.89|0.89|0.89|0.89|0.89|0.89|0.89|0.89|0.89|0.89|0.89|0.89|0.89|0.89|0.89|0.89|0.89|0.89|0.89|0.89|0.89|0.89|0.89|0.89|0.88|0.88|0.88|0.88|0.88|0.88|0.88|0.88|0.88|0.88|0.88|0.88|0.88|0.88|0.88|0.88|0.88|0.88|0.88|0.88|0.88|0.88|0.88|0.88|0.88|0.88|0.88|0.88|0.88|0.88|0.88|0.88|0.88|0.88|0.88|0.88|0.88|0.88|0.88|0.88|0.88|0.88|0.88|0.88|0.88|0.88|0.88|0.88|0.87|0.87|0.87|0.87|0.87|0.87|0.87|0.87|0.87|0.87|0.87|0.87|0.87|0.87|0.87|0.87|0.87|0.87|0.87|0.87|0.87|0.87|0.87|0.87|0.87|0.87|0.87|0.87|0.87|0.87|0.87|0.87|0.87|0.87|0.87|0.87|0.87|0.87|0.87|0.87|0.86|0.86|0.86|0.86|0.86|0.86|0.86|0.86|0.86|0.86|0.86|0.86|0.86|0.86|0.86|0.86|0.86|0.86|0.86|0.86|0.86|0.86|0.86|0.86|0.86|0.85|0.85|0.85|0.85|0.85|0.85|0.85|0.85|0.85|0.85|0.85|0.85|0.85|0.85|0.85|0.85|0.85|0.85|0.85|0.85|0.85|0.85|0.85|0.85|0.85|0.85|0.85|0.85|0.84|0.84|0.84|0.84|0.84|0.84|0.84|0.84|0.84|0.84|0.84|0.84|0.84|0.83|0.83|0.83|0.83|0.83|0.83|0.82|0.82|0.82|0.82|0.82|0.82|0.81|0.81|0.81|0.80|0.80|0.80|0.79|0.78|0.78|0.74|0.62,No summary available,0,224,PASS
2025-09-15 14:38:17,img.jpg,LCD,0,0.91|0.91|0.91|0.91|0.91|0.91|0.91|0.91|0.90|0.90|0.90|0.90|0.90|0.90|0.90|0.90|0.90|0.90|0.90|0.90|0.90|0.90|0.90|0.90|0.90|0.90|0.90|0.90|0.90|0.90|0.90|0.90|0.90|0.90|0.89|0.89|0.89|0.89|0.89|0.89|0.89|0.89|0.89|0.89|0.89|0.89|0.89|0.89|0.89|0.89|0.89|0.89|0.89|0.89|0.89|0.89|0.89|0.89|0.89|0.89|0.89|0.89|0.89|0.89|0.89|0.89|0.89|0.89|0.89|0.89|0.89|0.89|0.89|0.89|0.89|0.89|0.89|0.89|0.89|0.89|0.89|0.89|0.89|0.89|0.89|0.89|0.89|0.88|0.88|0.88|0.88|0.88|0.88|0.88|0.88|0.88|0.88|0.88|0.88|0.88|0.88|0.88|0.88|0.88|0.88|0.88|0.88|0.88|0.88|0.88|0.88|0.88|0.88|0.88|0.88|0.88|0.88|0.88|0.88|0.88|0.88|0.88|0.88|0.88|0.88|0.88|0.88|0.88|0.88|0.88|0.88|0.88|0.88|0.87|0.87|0.87|0.87|0.87|0.87|0.87|0.87|0.87|0.87|0.87|0.87|0.87|0.87|0.87|0.87|0.87|0.87|0.87|0.87|0.87|0.87|0.87|0.87|0.87|0.87|0.87|0.87|0.87|0.87|0.87|0.87|0.87|0.87|0.87|0.87|0.87|0.87|0.87|0.87|0.87|0.87|0.86|0.86|0.86|0.86|0.86|0.86|0.86|0.86|0.86|0.86|0.86|0.86|0.86|0.86|0.86|0.86|0.86|0.86|0.86|0.86|0.86|0.86|0.85|0.85|0.85|0.85|0.85|0.85|0.85|0.84|0.84|0.84|0.84|0.84|0.83|0.83|0.83|0.83|0.83|0.83|0.83|0.83|0.81|0.80|0.78|0.77|0.72|0.63|0.56,No summary available,0,224,PASS
2025-09-15 14:38:17,img.jpg,LCD,0,0.91|0.91|0.91|0.91|0.91|0.90|0.90|0.90|0.90|0.90|0.90|0.90|0.90|0.90|0.90|0.90|0.90|0.90|0.90|0.90|0.90|0.90|0.90|0.90|0.90|0.90|0.90|0.89|0.89|0.89|0.89|0.89|0.89|0.89|0.89|0.89|0.89|0.89|0.89|0.89|0.89|0.89|0.89|0.89|0.89|0.89|0.89|0.89|0.89|0.89|0.89|0.89|0.89|0.89|0.89|0.88|0.88|0.88|0.88|0.88|0.88|0.88|0.88|0.88|0.88|0.88|0.88|0.88|0.88|0.88|0.88|0.88|0.88|0.88|0.88|0.88|0.88|0.88|0.88|0.88|0.88|0.88|0.88|0.88|0.87|0.87|0.87|0.87|0.87|0.87|0.87|0.87|0.87|0.87|0.87|0.87|0.87|0.87|0.87|0.87|0.87|0.87|0.87|0.87|0.87|0.87|0.87|0.87|0.87|0.87|0.87|0.86|0.86|0.86|0.86|0.86|0.86|0.86|0.86|0.86|0.86|0.86|0.86|0.86|0.86|0.86|0.86|0.85|0.85|0.85|0.85|0.85|0.85|0.85|0.85|0.85|0.85|0.85|0.85|0.85|0.85|0.85|0.85|0.85|0.84|0.84|0.84|0.84|0.84|0.84|0.83|0.83|0.83|0.83|0.83|0.81|0.79|0.79|0.79|0.78,No summary available,0,160,PASS
2025-09-15 14:38:17,img.jpg,LCD,0,0.91|0.91|0.91|0.90|0.90|0.90|0.90|0.90|0.90|0.90|0.90|0.90|0.90|0.89|0.89|0.89|0.89|0.89|0.89|0.89|0.89|0.89|0.89|0.89|0.89|0.89|0.89|0.89|0.89|0.89|0.89|0.89|0.89|0.89|0.89|0.89|0.89|0.89|0.89|0.89|0.89|0.89|0.89|0.89|0.89|0.89|0.89|0.89|0.89|0.89|0.89|0.88|0.88|0.88|0.88|0.88|0.88|0.88|0.88|0.88|0.88|0.88|0.88|0.88|0.88|0.88|0.88|0.88|0.88|0.88|0.88|0.88|0.88|0.88|0.88|0.88|0.88|0.88|0.88|0.88|0.88|0.88|0.88|0.88|0.88|0.88|0.88|0.88|0.88|0.88|0.88|0.88|0.88|0.87|0.87|0.87|0.87|0.87|0.87|0.87|0.87|0.87|0.87|0.87|0.87|0.87|0.87|0.87|0.87|0.87|0.87|0.87|0.87|0.87|0.87|0.87|0.87|0.86|0.86|0.86|0.86|0.86|0.86|0.86|0.86|0.86|0.85|0.85|0.85|0.85|0.85|0.85|0.85|0.85|0.85|0.85|0.85|0.84|0.84|0.84|0.84|0.84|0.84|0.84|0.84|0.83|0.83|0.83|0.83|0.83|0.82|0.82|0.82|0.82|0.82|0.82|0.80|0.79|0.77|0.77,No summary available,0,160,PASS
2025-09-15 14:38:17,img.jpg,LCD,0,0.68|0.61|0.61|0.55,No summary available,0,288,FAIL
2025-11-15 10:18:14,img.jpg,LCD,0,0.91|0.91|0.91|0.91|0.91|0.91|0.91|0.91|0.91|0.91|0.91|0.91|0.91|0.91|0.91|0.91|0.91|0.91|0.90|0.90|0.90|0.90|0.90|0.90|0.90|0.90|0.90|0.90|0.90|0.90|0.90|0.90|0.90|0.90|0.90|0.90|0.90|0.90|0.90|0.90|0.90|0.90|0.90|0.90|0.90|0.90|0.90|0.90|0.90|0.90|0.90|0.90|0.90|0.90|0.90|0.90|0.90|0.90|0.90|0.90|0.90|0.90|0.90|0.90|0.90|0.90|0.90|0.90|0.90|0.90|0.90|0.90|0.90|0.90|0.90|0.90|0.90|0.90|0.90|0.90|0.90|0.89|0.89|0.89|0.89|0.89|0.89|0.89|0.89|0.89|0.89|0.89|0.89|0.89|0.89|0.89|0.89|0.89|0.89|0.89|0.89|0.89|0.89|0.89|0.89|0.89|0.89|0.89|0.89|0.89|0.89|0.89|0.89|0.89|0.89|0.89|0.89|0.89|0.89|0.89|0.89|0.89|0.89|0.89|0.89|0.89|0.89|0.89|0.89|0.89|0.89|0.89|0.89|0.88|0.88|0.88|0.88|0.88|0.88|0.88|0.88|0.88|0.88|0.88|0.88|0.88|0.88|0.88|0.88|0.88|0.88|0.88|0.88|0.88|0.88|0.88|0.88|0.88|0.88|0.88|0.88|0.88|0.88|0.88|0.88|0.88|0.88|0.88|0.88|0.87|0.87|0.87|0.87|0.87|0.87|0.87|0.87|0.87|0.87|0.87|0.87|0.87|0.87|0.87|0.87|0.87|0.87|0.87|0.87|0.87|0.87|0.87|0.87|0.87|0.86|0.86|0.86|0.86|0.86|0.86|0.86|0.86|0.86|0.86|0.85|0.85|0.85|0.85|0.85|0.84|0.84|0.84|0.84|0.83|0.83|0.83|0.83|0.83|0.81|0.81|0.80|0.80|0.77|0.59,No summary available,0,224,PASS
2025-11-15 10:18:48,img0 - Copy.jpg,LED,1,0.82,8.5ms,1,3,FAIL
2025-11-15 10:18:48,img0.jpg,LED,1|1|1,0.96|0.96|0.97,6.0ms,1,3,PASS
2025-11-15 10:18:48,img1 - Copy.jpg,LED,2|2|2,0.96|0.96|0.97,8.7ms,2,3,PASS
2025-11-15 10:18:48,img1.jpg,LED,2|2|2,0.98|0.98|0.98,5.4ms,2,3,PASS
2025-11-15 10:18:48,img10.jpg,LED,2|2|2|2,0.97|0.97|0.97|0.97,5.3ms,2,4,PASS
2025-11-15 10:18:48,img11 - Copy.jpg,LED,5|5|5|5,0.95|0.95|0.96|0.97,5.7ms,5,3,FAIL
2025-11-15 10:18:48,img11.jpg,LED,5|5|5|5,0.97|0.97|0.97|0.98,6.5ms,5,4,PASS
2025-11-15 10:18:48,img12.jpg,LED,8|8|8|8,0.97|0.97|0.98|0.98,9.0ms,8,4,PASS
2025-11-15 10:18:48,img13.jpg,LED,10|10|10|10,0.86|0.89|0.90|0.92,5.1ms,10,4,PASS
2025-11-15 10:18:48,img14.jpg,LED,1|1|1|1,0.94|0.96|0.96|0.96,4.0ms,1,4,PASS
2025-11-15 10:18:48,img15.jpg,LED,2|2|2|2,0.97|0.97|0.97|0.98,5.7ms,2,4,PASS
2025-11-15 10:18:48,img16.jpg,LED,5|5|5|5,0.97|0.97|0.98|0.98,4.0ms,5,4,PASS
2025-11-15 10:18:48,img17.jpg,LED,8|8|8|8,0.97|0.97|0.97|0.98,0.0ms,8,4,PASS
2025-11-15 10:18:48,img18.jpg,LED,10|10|10|10,0.89|0.89|0.89|0.91,6.3ms,10,4,PASS
2025-11-15 10:18:48,img19.jpg,LED,8|8|8|8|8|8|8|8|8|8|8|10|10|10|10|10|10|10|10|10|10|11|11|11|11|11|11|12|12|12|12|12|12|12|12|12|12,0.85|0.85|0.86|0.89|0.89|0.90|0.90|0.90|0.91|0.93|0.93|0.94|0.94|0.94|0.94|0.94|0.94|0.94|0.94|0.94|0.94|0.95|0.95|0.95|0.95|0.95|0.97|0.97|0.97|0.97|0.97|0.97|0.97|0.98|0.98|0.98|0.98,6,0,37,PASS
2025-11-15 10:18:48,img2.jpg,LED,5|5|5,0.98|0.98|0.98,6.5ms,5,3,PASS
2025-11-15 10:18:48,img3.jpg,LED,8|8|8,0.98|0.98|0.98,4.5ms,8,3,PASS
2025-11-15 10:18:48,img4.jpg,LED,10|10,0.88|0.88,5.6ms,10,2,PASS
2025-11-15 10:18:48,img5.jpg,LED,11|11|11,0.94|0.95|0.95,4.0ms,11,3,PASS
2025-11-15 10:18:48,img6.jpg,LED,12|12|12|12|12,0.93|0.94|0.95|0.95|0.95,4.1ms,12,5,PASS
2025-11-15 10:18:48,img7.jpg,LED,11|11|11,0.94|0.94|0.95,5.5ms,11,3,PASS
2025-11-15 10:18:48,img8.jpg,LED,12|12|12|12|12,0.94|0.94|0.94|0.95|0.95,9.2ms,12,5,PASS
2025-11-15 10:18:48,img9.jpg,LED,1|1|1|1,0.96|0.97|0.97|0.97,5.7ms,1,4,PASS
2025-11-15 10:20:45,img1 - Copy.jpg,LED,2|2|2,0.96|0.96|0.97,6.1ms,1,3,FAIL
2025-11-15 10:21:10,img1 - Copy.jpg,LED,2|2|2,0.96|0.96|0.97,9.1ms,1,3,FAIL
2026-03-19 09:51:42,img.jpg,LCD,0,0.91|0.91|0.91|0.91|0.91|0.91|0.91|0.91|0.91|0.91|0.91|0.91|0.91|0.91|0.91|0.91|0.91|0.91|0.90|0.90|0.90|0.90|0.90|0.90|0.90|0.90|0.90|0.90|0.90|0.90|0.90|0.90|0.90|0.90|0.90|0.90|0.90|0.90|0.90|0.90|0.90|0.90|0.90|0.90|0.90|0.90|0.90|0.90|0.90|0.90|0.90|0.90|0.90|0.90|0.90|0.90|0.90|0.90|0.90|0.90|0.90|0.90|0.90|0.90|0.90|0.90|0.90|0.90|0.90|0.90|0.90|0.90|0.90|0.90|0.90|0.90|0.90|0.90|0.90|0.90|0.90|0.89|0.89|0.89|0.89|0.89|0.89|0.89|0.89|0.89|0.89|0.89|0.89|0.89|0.89|0.89|0.89|0.89|0.89|0.89|0.89|0.89|0.89|0.89|0.89|0.89|0.89|0.89|0.89|0.89|0.89|0.89|0.89|0.89|0.89|0.89|0.89|0.89|0.89|0.89|0.89|0.89|0.89|0.89|0.89|0.89|0.89|0.89|0.89|0.89|0.89|0.89|0.89|0.88|0.88|0.88|0.88|0.88|0.88|0.88|0.88|0.88|0.88|0.88|0.88|0.88|0.88|0.88|0.88|0.88|0.88|0.88|0.88|0.88|0.88|0.88|0.88|0.88|0.88|0.88|0.88|0.88|0.88|0.88|0.88|0.88|0.88|0.88|0.88|0.87|0.87|0.87|0.87|0.87|0.87|0.87|0.87|0.87|0.87|0.87|0.87|0.87|0.87|0.87|0.87|0.87|0.87|0.87|0.87|0.87|0.87|0.87|0.87|0.87|0.86|0.86|0.86|0.86|0.86|0.86|0.86|0.86|0.86|0.86|0.85|0.85|0.85|0.85|0.85|0.84|0.84|0.84|0.84|0.83|0.83|0.83|0.83|0.83|0.81|0.81|0.80|0.80|0.77|0.59,No summary available,0,224,PASS
2026-03-19 09:52:31,img1 - Copy.jpg,LED,2|2|2,0.96|0.96|0.97,8.0ms,1,3,FAIL
2026-03-19 09:55:28,img1 - Copy.jpg,LED,2|2|2,0.96|0.96|0.97,7.0ms,2,3,PASS
2026-03-19 09:59:45,img1 - Copy.jpg,LED,2|2|2,0.96|0.96|0.97,7.0ms,2,3,PASS
2026-03-19 10:29:18,img1 - Copy.jpg,LED,2|2|2,0.96|0.96|0.97,FAIL: Segment A missing on detected class 2,2,3,PASS
2026-03-19 10:30:42,img1 - Copy.jpg,LED,2|2|2,0.96|0.96|0.97,FAIL: Segment A missing on detected class 2,2,3,FAIL
2026-03-19 11:12:21,img1 - Copy.jpg,LED,2|2|2,0.96|0.96|0.97,FAIL: Segment 'a' missing on class 2 (Brightness: 16.8),2,3,FAIL
2026-03-19 11:13:23,img0.jpg,LED,1|1|1,0.96|0.96|0.97,FAIL: Segment 'b' missing on class 1 (Brightness: 7.2),1,3,FAIL
2026-03-19 11:34:10,img0.jpg,LED,1|1|1,0.96|0.96|0.97,FAIL: Segment 'b' missing on class 1 (Brightness: 7.2),1,3,FAIL
2026-03-19 11:34:26,img0.jpg,LED,1|1|1,0.96|0.96|0.97,FAIL: Segment 'b' missing on class 1 (Brightness: 7.2),2,3,FAIL
2026-03-19 11:40:14,img1 - Copy.jpg,LED,2|2|2,0.96|0.96|0.97,FAIL: Segment 'a' missing on class 2 (Brightness: 16.8),2,3,FAIL
2026-03-19 11:40:46,img1 - Copy.jpg,LED,2|2|2,0.96|0.96|0.97,FAIL: Segment 'a' missing on class 2 (Brightness: 16.8),2,3,FAIL
2026-03-19 11:43:31,img0.jpg,LED,1|1|1,0.96|0.96|0.97,FAIL: Segment 'f' missing on class 1 (Brightness: 25.6),1,3,FAIL
2026-03-19 14:32:56,img0 - Copy.jpg,LED,1,0.82,32.6ms,1,3,FAIL
2026-03-19 14:34:25,img0.jpg,LED,1|1|1,0.96|0.96|0.97,11.2ms,1,3,PASS
2026-03-19 14:34:58,img0.jpg,LED,1|1|1,0.96|0.96|0.97,7.1ms,1,3,PASS
2026-03-19 14:36:46,img1 - Copy.jpg,LED,2|2|2,0.96|0.96|0.97,FAIL: Segment 'a' missing on class 2 (Brightness: 31.2),1,3,FAIL
2026-03-19 15:04:07,img11 - Copy.jpg,LED,5|5|5|5,0.95|0.95|0.96|0.97,"FAIL: Segment 'a' dim/dead. (Score: 40.5, Threshold: 117.7)",1,3,FAIL
2026-03-19 15:04:43,img11 - Copy.jpg,LED,5|5|5|5,0.95|0.95|0.96|0.97,"FAIL: Segment 'a' dim/dead. (Score: 40.5, Threshold: 117.7)",1,3,FAIL
2026-03-19 15:29:23,img11 - Copy.jpg,LED,5|5|5|5,0.95|0.95|0.96|0.97,"Count Mismatch (Expected 3, Got 4) | Class Mismatch (Expected [1], Got [5, 5, 5, 5]) | FAIL: Segment 'a' dim/dead. (Score: 40.5, Threshold: 117.7)",1,3,FAIL
2026-03-19 15:29:55,img11 - Copy.jpg,LED,5|5|5|5,0.95|0.95|0.96|0.97,"FAIL: Segment 'a' dim/dead. (Score: 40.5, Threshold: 117.7)",5,4,FAIL
2026-03-19 15:32:51,img0 - Copy.jpg,LED,1,0.82,"Count Mismatch (Expected 4, Got 1) | Class Mismatch (Expected [5], Got [1])",5,4,FAIL
2026-03-19 15:33:23,img0 - Copy.jpg,LED,1,0.82,"Count Mismatch (Expected 3, Got 1)",1,3,FAIL
2026-03-19 15:34:01,img0.jpg,LED,1|1|1,0.96|0.96|0.97,PASS,1,3,PASS
2026-03-19 15:34:57,img1 - Copy.jpg,LED,2|2|2,0.96|0.96|0.97,"Class Mismatch (Expected [1], Got [2, 2, 2]) | FAIL: Segment 'a' dim/dead. (Score: 31.2, Threshold: 111.7)",1,3,FAIL
2026-03-19 15:35:19,img1 - Copy.jpg,LED,2|2|2,0.96|0.96|0.97,"FAIL: Segment 'a' dim/dead. (Score: 31.2, Threshold: 111.7)",2,3,FAIL
2026-03-19 15:41:10,img0 - Copy.jpg,LED,1,0.82,"Count Mismatch (Expected 3, Got 1)",1,3,FAIL
2026-03-19 15:41:10,img0.jpg,LED,1|1|1,0.96|0.96|0.97,PASS,1,3,PASS
2026-03-19 15:41:10,img1 - Copy.jpg,LED,2|2|2,0.96|0.96|0.97,"FAIL: Segment 'a' dim/dead. (Score: 31.2, Threshold: 111.7)",2,3,FAIL
2026-03-19 15:41:10,img1.jpg,LED,2|2|2,0.98|0.98|0.98,PASS,2,3,PASS
2026-03-19 15:41:10,img10.jpg,LED,2|2|2|2,0.97|0.97|0.97|0.97,"FAIL: Segment 'e' dim/dead. (Score: 112.2, Threshold: 115.4)",2,4,FAIL
2026-03-19 15:41:10,img11 - Copy.jpg,LED,5|5|5|5,0.95|0.95|0.96|0.97,"Count Mismatch (Expected 3, Got 4) | FAIL: Segment 'a' dim/dead. (Score: 40.5, Threshold: 117.7)",5,3,FAIL
2026-03-19 15:41:10,img11.jpg,LED,5|5|5|5,0.97|0.97|0.97|0.98,PASS,5,4,PASS
2026-03-19 15:41:10,img12.jpg,LED,8|8|8|8,0.97|0.97|0.98|0.98,PASS,8,4,PASS
2026-03-19 15:41:10,img13.jpg,LED,10|10|10|10,0.86|0.89|0.90|0.92,PASS,10,4,PASS
2026-03-19 15:41:10,img14.jpg,LED,1|1|1|1,0.94|0.96|0.96|0.96,PASS,1,4,PASS
2026-03-19 15:41:10,img15.jpg,LED,2|2|2|2,0.97|0.97|0.97|0.98,PASS,2,4,PASS
2026-03-19 15:41:10,img16.jpg,LED,5|5|5|5,0.97|0.97|0.98|0.98,PASS,5,4,PASS
2026-03-19 15:41:10,img17.jpg,LED,8|8|8|8,0.97|0.97|0.97|0.98,PASS,8,4,PASS
2026-03-19 15:41:10,img18.jpg,LED,10|10|10|10,0.89|0.89|0.89|0.91,PASS,10,4,PASS
2026-03-19 15:41:10,img19.jpg,LED,8|8|8|8|8|8|8|8|8|8|8|10|10|10|10|10|10|10|10|10|10|11|11|11|11|11|11|12|12|12|12|12|12|12|12|12|12,0.85|0.85|0.86|0.89|0.89|0.90|0.90|0.90|0.91|0.93|0.93|0.94|0.94|0.94|0.94|0.94|0.94|0.94|0.94|0.94|0.94|0.95|0.95|0.95|0.95|0.95|0.97|0.97|0.97|0.97|0.97|0.97|0.97|0.98|0.98|0.98|0.98,PASS,0,37,PASS
2026-03-19 15:41:10,img2.jpg,LED,5|5|5,0.98|0.98|0.98,PASS,5,3,PASS
2026-03-19 15:41:10,img3.jpg,LED,8|8|8,0.98|0.98|0.98,PASS,8,3,PASS
2026-03-19 15:41:10,img4.jpg,LED,10|10,0.88|0.88,PASS,10,2,PASS
2026-03-19 15:41:10,img5.jpg,LED,11|11|11,0.94|0.95|0.95,PASS,11,3,PASS
2026-03-19 15:41:10,img6.jpg,LED,12|12|12|12|12,0.93|0.94|0.95|0.95|0.95,PASS,12,5,PASS
2026-03-19 15:41:10,img7.jpg,LED,11|11|11,0.94|0.94|0.95,PASS,11,3,PASS
2026-03-19 15:41:10,img8.jpg,LED,12|12|12|12|12,0.94|0.94|0.94|0.95|0.95,PASS,12,5,PASS
2026-03-19 15:41:10,img9.jpg,LED,1|1|1|1,0.96|0.97|0.97|0.97,PASS,1,4,PASS
2026-03-19 15:42:27,img0 - Copy.jpg,LED,1,0.82,"Count Mismatch (Expected 3, Got 1)",1,3,FAIL
2026-03-19 15:42:27,img0.jpg,LED,1|1|1,0.96|0.96|0.97,PASS,1,3,PASS
2026-03-19 15:42:27,img1 - Copy.jpg,LED,2|2|2,0.96|0.96|0.97,"FAIL: Segment 'a' dim/dead. (Score: 31.2, Threshold: 111.7)",2,3,FAIL
2026-03-19 15:42:27,img1.jpg,LED,2|2|2,0.98|0.98|0.98,PASS,2,3,PASS
2026-03-19 15:42:27,img10.jpg,LED,2|2|2|2,0.97|0.97|0.97|0.97,"FAIL: Segment 'e' dim/dead. (Score: 112.2, Threshold: 115.4)",2,4,FAIL
2026-03-19 15:42:27,img11 - Copy.jpg,LED,5|5|5|5,0.95|0.95|0.96|0.97,"Count Mismatch (Expected 3, Got 4) | FAIL: Segment 'a' dim/dead. (Score: 40.5, Threshold: 117.7)",5,3,FAIL
2026-03-19 15:42:27,img11.jpg,LED,5|5|5|5,0.97|0.97|0.97|0.98,PASS,5,4,PASS
2026-03-19 15:42:27,img12.jpg,LED,8|8|8|8,0.97|0.97|0.98|0.98,PASS,8,4,PASS
2026-03-19 15:42:27,img13.jpg,LED,10|10|10|10,0.86|0.89|0.90|0.92,PASS,10,4,PASS
2026-03-19 15:42:27,img14.jpg,LED,1|1|1|1,0.94|0.96|0.96|0.96,PASS,1,4,PASS
2026-03-19 15:42:27,img15.jpg,LED,2|2|2|2,0.97|0.97|0.97|0.98,PASS,2,4,PASS
2026-03-19 15:42:27,img16.jpg,LED,5|5|5|5,0.97|0.97|0.98|0.98,PASS,5,4,PASS
2026-03-19 15:42:27,img17.jpg,LED,8|8|8|8,0.97|0.97|0.97|0.98,PASS,8,4,PASS
2026-03-19 15:42:27,img18.jpg,LED,10|10|10|10,0.89|0.89|0.89|0.91,PASS,10,4,PASS
2026-03-19 15:42:27,img19.jpg,LED,8|8|8|8|8|8|8|8|8|8|8|10|10|10|10|10|10|10|10|10|10|11|11|11|11|11|11|12|12|12|12|12|12|12|12|12|12,0.85|0.85|0.86|0.89|0.89|0.90|0.90|0.90|0.91|0.93|0.93|0.94|0.94|0.94|0.94|0.94|0.94|0.94|0.94|0.94|0.94|0.95|0.95|0.95|0.95|0.95|0.97|0.97|0.97|0.97|0.97|0.97|0.97|0.98|0.98|0.98|0.98,PASS,0,37,PASS
2026-03-19 15:42:27,img2.jpg,LED,5|5|5,0.98|0.98|0.98,PASS,5,3,PASS
2026-03-19 15:42:27,img3.jpg,LED,8|8|8,0.98|0.98|0.98,PASS,8,3,PASS
2026-03-19 15:42:27,img4.jpg,LED,10|10,0.88|0.88,PASS,10,2,PASS
2026-03-19 15:42:27,img5.jpg,LED,11|11|11,0.94|0.95|0.95,PASS,11,3,PASS
2026-03-19 15:42:27,img6.jpg,LED,12|12|12|12|12,0.93|0.94|0.95|0.95|0.95,PASS,12,5,PASS
2026-03-19 15:42:27,img7.jpg,LED,11|11|11,0.94|0.94|0.95,PASS,11,3,PASS
2026-03-19 15:42:27,img8.jpg,LED,12|12|12|12|12,0.94|0.94|0.94|0.95|0.95,PASS,12,5,PASS
2026-03-19 15:42:27,img9.jpg,LED,1|1|1|1,0.96|0.97|0.97|0.97,PASS,1,4,PASS
2026-03-19 15:49:12,img0 - Copy.jpg,LED,1,0.82,"Count Mismatch (Expected 3, Got 1)",1,3,FAIL
2026-03-19 15:49:12,img0.jpg,LED,1|1|1,0.96|0.96|0.97,PASS,1,3,PASS
2026-03-19 15:49:12,img1 - Copy.jpg,LED,2|2|2,0.96|0.96|0.97,"FAIL: Segment 'a' dim/dead. (Score: 31.2, Threshold: 76.7)",2,3,FAIL
2026-03-19 15:49:12,img1.jpg,LED,2|2|2,0.98|0.98|0.98,PASS,2,3,PASS
2026-03-19 15:49:12,img10.jpg,LED,2|2|2|2,0.97|0.97|0.97|0.97,PASS,2,4,PASS
2026-03-19 15:49:12,img11 - Copy.jpg,LED,5|5|5|5,0.95|0.95|0.96|0.97,"Count Mismatch (Expected 3, Got 4) | FAIL: Segment 'a' dim/dead. (Score: 40.5, Threshold: 107.0)",5,3,FAIL
2026-03-19 15:49:12,img11.jpg,LED,5|5|5|5,0.97|0.97|0.97|0.98,PASS,5,4,PASS
2026-03-19 15:49:12,img12.jpg,LED,8|8|8|8,0.97|0.97|0.98|0.98,PASS,8,4,PASS
2026-03-19 15:49:12,img13.jpg,LED,10|10|10|10,0.86|0.89|0.90|0.92,PASS,10,4,PASS
2026-03-19 15:49:12,img14.jpg,LED,1|1|1|1,0.94|0.96|0.96|0.96,PASS,1,4,PASS
2026-03-19 15:49:12,img15.jpg,LED,2|2|2|2,0.97|0.97|0.97|0.98,PASS,2,4,PASS
2026-03-19 15:49:12,img16.jpg,LED,5|5|5|5,0.97|0.97|0.98|0.98,PASS,5,4,PASS
2026-03-19 15:49:12,img17.jpg,LED,8|8|8|8,0.97|0.97|0.97|0.98,PASS,8,4,PASS
2026-03-19 15:49:12,img18.jpg,LED,10|10|10|10,0.89|0.89|0.89|0.91,PASS,10,4,PASS
2026-03-19 15:49:12,img19.jpg,LED,8|8|8|8|8|8|8|8|8|8|8|10|10|10|10|10|10|10|10|10|10|11|11|11|11|11|11|12|12|12|12|12|12|12|12|12|12,0.85|0.85|0.86|0.89|0.89|0.90|0.90|0.90|0.91|0.93|0.93|0.94|0.94|0.94|0.94|0.94|0.94|0.94|0.94|0.94|0.94|0.95|0.95|0.95|0.95|0.95|0.97|0.97|0.97|0.97|0.97|0.97|0.97|0.98|0.98|0.98|0.98,PASS,0,37,PASS
2026-03-19 15:49:12,img2.jpg,LED,5|5|5,0.98|0.98|0.98,PASS,5,3,PASS
2026-03-19 15:49:12,img3.jpg,LED,8|8|8,0.98|0.98|0.98,PASS,8,3,PASS
2026-03-19 15:49:12,img4.jpg,LED,10|10,0.88|0.88,PASS,10,2,PASS
2026-03-19 15:49:12,img5.jpg,LED,11|11|11,0.94|0.95|0.95,PASS,11,3,PASS
2026-03-19 15:49:12,img6.jpg,LED,12|12|12|12|12,0.93|0.94|0.95|0.95|0.95,PASS,12,5,PASS
2026-03-19 15:49:12,img7.jpg,LED,11|11|11,0.94|0.94|0.95,PASS,11,3,PASS
2026-03-19 15:49:12,img8.jpg,LED,12|12|12|12|12,0.94|0.94|0.94|0.95|0.95,PASS,12,5,PASS
2026-03-19 15:49:12,img9.jpg,LED,1|1|1|1,0.96|0.97|0.97|0.97,PASS,1,4,PASS
2026-06-18 10:05:21,img.jpg,LCD,0,0.91|0.91|0.91|0.91|0.91|0.91|0.91|0.91|0.91|0.91|0.91|0.91|0.91|0.91|0.91|0.91|0.91|0.91|0.90|0.90|0.90|0.90|0.90|0.90|0.90|0.90|0.90|0.90|0.90|0.90|0.90|0.90|0.90|0.90|0.90|0.90|0.90|0.90|0.90|0.90|0.90|0.90|0.90|0.90|0.90|0.90|0.90|0.90|0.90|0.90|0.90|0.90|0.90|0.90|0.90|0.90|0.90|0.90|0.90|0.90|0.90|0.90|0.90|0.90|0.90|0.90|0.90|0.90|0.90|0.90|0.90|0.90|0.90|0.90|0.90|0.90|0.90|0.90|0.90|0.90|0.90|0.89|0.89|0.89|0.89|0.89|0.89|0.89|0.89|0.89|0.89|0.89|0.89|0.89|0.89|0.89|0.89|0.89|0.89|0.89|0.89|0.89|0.89|0.89|0.89|0.89|0.89|0.89|0.89|0.89|0.89|0.89|0.89|0.89|0.89|0.89|0.89|0.89|0.89|0.89|0.89|0.89|0.89|0.89|0.89|0.89|0.89|0.89|0.89|0.89|0.89|0.89|0.89|0.88|0.88|0.88|0.88|0.88|0.88|0.88|0.88|0.88|0.88|0.88|0.88|0.88|0.88|0.88|0.88|0.88|0.88|0.88|0.88|0.88|0.88|0.88|0.88|0.88|0.88|0.88|0.88|0.88|0.88|0.88|0.88|0.88|0.88|0.88|0.88|0.87|0.87|0.87|0.87|0.87|0.87|0.87|0.87|0.87|0.87|0.87|0.87|0.87|0.87|0.87|0.87|0.87|0.87|0.87|0.87|0.87|0.87|0.87|0.87|0.87|0.86|0.86|0.86|0.86|0.86|0.86|0.86|0.86|0.86|0.86|0.85|0.85|0.85|0.85|0.85|0.84|0.84|0.84|0.84|0.83|0.83|0.83|0.83|0.83|0.81|0.81|0.80|0.80|0.77|0.59,No summary available,0,224,PASS
2026-06-18 10:09:04,img0 - Copy.jpg,LED,1,0.82,"Count Mismatch (Expected 3, Got 1)",1,3,FAIL
2026-06-18 10:09:04,img0.jpg,LED,1|1|1,0.96|0.96|0.97,PASS,1,3,PASS
2026-06-18 10:09:04,img1 - Copy.jpg,LED,2|2|2,0.96|0.96|0.97,"FAIL: Segment 'a' dim/dead. (Score: 31.2, Threshold: 76.7)",2,3,FAIL
2026-06-18 10:09:04,img1.jpg,LED,2|2|2,0.98|0.98|0.98,PASS,2,3,PASS
2026-06-18 10:09:04,img10.jpg,LED,2|2|2|2,0.97|0.97|0.97|0.97,PASS,2,4,PASS
2026-06-18 10:09:04,img11 - Copy.jpg,LED,5|5|5|5,0.95|0.95|0.96|0.97,"Count Mismatch (Expected 3, Got 4) | FAIL: Segment 'a' dim/dead. (Score: 40.5, Threshold: 107.0)",5,3,FAIL
2026-06-18 10:09:04,img11.jpg,LED,5|5|5|5,0.97|0.97|0.97|0.98,PASS,5,4,PASS
2026-06-18 10:09:04,img12.jpg,LED,8|8|8|8,0.97|0.97|0.98|0.98,PASS,8,4,PASS
2026-06-18 10:09:04,img13.jpg,LED,10|10|10|10,0.86|0.89|0.90|0.92,PASS,10,4,PASS
2026-06-18 10:09:04,img14.jpg,LED,1|1|1|1,0.94|0.96|0.96|0.96,PASS,1,4,PASS
2026-06-18 10:09:04,img15.jpg,LED,2|2|2|2,0.97|0.97|0.97|0.98,PASS,2,4,PASS
2026-06-18 10:09:04,img16.jpg,LED,5|5|5|5,0.97|0.97|0.98|0.98,PASS,5,4,PASS
2026-06-18 10:09:04,img17.jpg,LED,8|8|8|8,0.97|0.97|0.97|0.98,PASS,8,4,PASS
2026-06-18 10:09:04,img18.jpg,LED,10|10|10|10,0.89|0.89|0.89|0.91,PASS,10,4,PASS
2026-06-18 10:09:05,img19.jpg,LED,8|8|8|8|8|8|8|8|8|8|8|10|10|10|10|10|10|10|10|10|10|11|11|11|11|11|11|12|12|12|12|12|12|12|12|12|12,0.85|0.85|0.86|0.89|0.89|0.90|0.90|0.90|0.91|0.93|0.93|0.94|0.94|0.94|0.94|0.94|0.94|0.94|0.94|0.94|0.94|0.95|0.95|0.95|0.95|0.95|0.97|0.97|0.97|0.97|0.97|0.97|0.97|0.98|0.98|0.98|0.98,PASS,0,37,PASS
2026-06-18 10:09:05,img2.jpg,LED,5|5|5,0.98|0.98|0.98,PASS,5,3,PASS
2026-06-18 10:09:05,img3.jpg,LED,8|8|8,0.98|0.98|0.98,PASS,8,3,PASS
2026-06-18 10:09:05,img4.jpg,LED,10|10,0.88|0.88,PASS,10,2,PASS
2026-06-18 10:09:05,img5.jpg,LED,11|11|11,0.94|0.95|0.95,PASS,11,3,PASS
2026-06-18 10:09:05,img6.jpg,LED,12|12|12|12|12,0.93|0.94|0.95|0.95|0.95,PASS,12,5,PASS
2026-06-18 10:09:05,img7.jpg,LED,11|11|11,0.94|0.94|0.95,PASS,11,3,PASS
2026-06-18 10:09:05,img8.jpg,LED,12|12|12|12|12,0.94|0.94|0.94|0.95|0.95,PASS,12,5,PASS
2026-06-18 10:09:05,img9.jpg,LED,1|1|1|1,0.96|0.97|0.97|0.97,PASS,1,4,PASS
